SaleID,DateKey,ProductID,CustomerID,StoreID,Quantity,UnitPrice,Discount
SO0001,20231205,P010,C0044,S03,8,29.61,0
SO0002,20241209,P003,C0268,S03,8,569.07,0.05
SO0003,20240417,P024,C0174,S01,5,28.1,0.05
SO0004,20240302,P022,C0146,S05,2,61.09,0.1
SO0005,20221017,P010,C0180,S05,10,20.55,0.15
SO0006,20240211,P026,C0169,S03,2,37.1,0
SO0007,20240112,P006,C0010,S06,7,1364.51,0.1
SO0008,20240922,P020,C0099,S04,4,4.76,0
SO0009,20220727,P009,C0260,S01,5,58.74,0.2
SO0010,20240211,P022,C0079,S03,10,104.18,0
SO0011,20221206,P012,C0225,S01,10,104.24,0.2
SO0012,20230807,P027,C0230,S04,4,27.22,0.05
SO0013,20230202,P016,C0189,S08,8,25.05,0.2
SO0014,20241216,P030,C0215,S03,7,165.48,0.1
SO0015,20230528,P013,C0027,S08,3,26.82,0.2
SO0016,20241122,P024,C0064,S05,2,31.6,0.15
SO0017,20241117,P006,C0076,S07,5,1456.89,0.05
SO0018,20240712,P006,C0179,S01,4,1601.52,0.2
SO0019,20230428,P027,C0198,S02,9,21.37,0
SO0020,20231118,P024,C0075,S03,6,25.24,0
SO0021,20221012,P003,C0241,S08,8,585.8,0.15
SO0022,20230318,P001,C0077,S07,1,1502.8,0
SO0023,20220907,P008,C0025,S04,4,35.9,0
SO0024,20220509,P027,C0057,S08,10,32.39,0.05
SO0025,20221022,P002,C0150,S07,10,347.37,0
SO0026,20240503,P001,C0096,S02,4,1282.92,0.1
SO0027,20241105,P024,C0260,S01,9,22.21,0.1
SO0028,20240303,P025,C0192,S05,1,135.67,0.15
SO0029,20230509,P002,C0054,S06,2,291.7,0
SO0030,20221225,P009,C0238,S08,9,53.49,0
SO0031,20240726,P012,C0019,S05,2,103.16,0.15
SO0032,20231009,P013,C0159,S07,4,16.04,0
SO0033,20240102,P031,C0025,S06,4,156.9,0
SO0034,20240330,P018,C0226,S07,6,23.13,0.05
SO0035,20241015,P022,C0189,S05,8,109.35,0.15
SO0036,20230105,P006,C0280,S05,2,1428.46,0.05
SO0037,20230829,P021,C0157,S08,6,71.01,0.15
SO0038,20240704,P028,C0022,S06,8,24.18,0
SO0039,20240411,P028,C0187,S03,1,26.27,0
SO0040,20240616,P002,C0018,S03,10,248.3,0.15
SO0041,20240224,P005,C0291,S01,6,1111.96,0
SO0042,20240628,P010,C0040,S03,6,25.57,0
SO0043,20220821,P024,C0014,S03,5,28.58,0
SO0044,20230621,P032,C0134,S08,9,170.84,0
SO0045,20241002,P014,C0103,S02,5,59.7,0.15
SO0046,20240630,P009,C0045,S06,8,91.84,0
SO0047,20230818,P023,C0154,S03,9,55.27,0.1
SO0048,20220906,P012,C0103,S03,9,102.19,0
SO0049,20240126,P016,C0240,S03,1,33.7,0
SO0050,20240907,P006,C0270,S07,7,906.65,0.15
SO0051,20231012,P027,C0038,S08,2,35.85,0
SO0052,20230108,P030,C0067,S07,6,157.5,0
SO0053,20230915,P004,C0085,S03,9,729.3,0
SO0054,20241128,P021,C0146,S02,4,120.84,0
SO0055,20220914,P017,C0156,S02,9,12.05,0
SO0056,20221217,P011,C0173,S01,10,50.86,0
SO0057,20230308,P002,C0293,S07,10,235.84,0
SO0058,20230911,P002,C0248,S04,9,320.25,0
SO0059,20220503,P026,C0081,S08,2,42.25,0.15
SO0060,20221022,P027,C0161,S06,4,29.48,0
SO0061,20240129,P023,C0264,S02,3,63.47,0.2
SO0062,20240709,P021,C0127,S03,2,79.35,0
SO0063,20240506,P007,C0128,S03,7,1114.61,0.2
SO0064,20221123,P021,C0256,S08,6,120.78,0
SO0065,20220704,P032,C0202,S08,8,209.4,0
SO0066,20220414,P016,C0145,S08,6,23.36,0
SO0067,20220809,P031,C0221,S03,1,160.71,0.2
SO0068,20220403,P017,C0206,S01,7,17.06,0
SO0069,20240302,P013,C0259,S08,5,20.58,0
SO0070,20220901,P018,C0066,S02,10,36.55,0.15
SO0071,20240119,P026,C0074,S04,6,44.57,0.1
SO0072,20221008,P026,C0171,S08,1,48.45,0
SO0073,20231103,P030,C0164,S03,9,110.06,0
SO0074,20231120,P026,C0260,S08,5,63.46,0.1
SO0075,20231110,P020,C0057,S07,1,5.87,0
SO0076,20240829,P020,C0136,S04,1,7.08,0.1
SO0077,20240218,P004,C0076,S04,3,634.89,0.1
SO0078,20220208,P003,C0226,S06,2,707.94,0
SO0079,20241024,P027,C0242,S01,4,23.22,0.05
SO0080,20240906,P009,C0270,S07,9,75.99,0
SO0081,20231203,P021,C0280,S06,8,122.16,0.1
SO0082,20230726,P017,C0286,S05,4,15.95,0
SO0083,20230815,P015,C0107,S08,5,42.04,0.2
SO0084,20230715,P021,C0148,S02,9,93.6,0.2
SO0085,20231208,P025,C0075,S05,7,137.22,0.2
SO0086,20240624,P003,C0132,S08,2,586.12,0
SO0087,20230711,P014,C0071,S02,9,36.9,0
SO0088,20230422,P016,C0027,S02,9,23.85,0
SO0089,20221009,P027,C0003,S03,8,26.58,0
SO0090,20230213,P027,C0148,S06,8,32.65,0.05
SO0091,20230421,P019,C0274,S01,2,43.18,0.15
SO0092,20240324,P012,C0254,S03,3,81.73,0
SO0093,20220808,P019,C0172,S05,1,48.95,0
SO0094,20241008,P030,C0069,S08,9,185.1,0.1
SO0095,20221129,P018,C0235,S05,2,24.44,0
SO0096,20230828,P012,C0291,S04,6,59.75,0.2
SO0097,20240525,P012,C0264,S06,7,92.24,0.2
SO0098,20221015,P006,C0245,S06,2,1171.04,0
SO0099,20240703,P016,C0137,S06,7,19.61,0
SO0100,20230620,P020,C0185,S04,10,6.28,0
SO0101,20221124,P004,C0208,S05,8,666.99,0
SO0102,20230329,P008,C0113,S03,5,33.25,0
SO0103,20240501,P031,C0282,S08,10,145.15,0
SO0104,20220617,P014,C0270,S08,10,52.96,0.2
SO0105,20220507,P024,C0281,S04,10,22.41,0
SO0106,20220827,P010,C0106,S08,9,18.1,0.05
SO0107,20220424,P006,C0233,S03,8,1564.02,0.2
SO0108,20240804,P027,C0158,S01,1,28.96,0.1
SO0109,20230323,P026,C0297,S02,1,40.94,0.15
SO0110,20220504,P003,C0036,S08,2,644.29,0.1
SO0111,20221005,P003,C0216,S06,3,585.89,0.2
SO0112,20220614,P025,C0277,S03,7,106.21,0.05
SO0113,20241219,P023,C0066,S04,9,37.05,0.05
SO0114,20240518,P001,C0273,S07,5,1389.72,0.05
SO0115,20230719,P015,C0097,S02,6,27.63,0
SO0116,20220202,P003,C0124,S04,7,809.22,0.1
SO0117,20220410,P005,C0126,S01,1,998.09,0.05
SO0118,20220426,P026,C0072,S05,9,46.58,0
SO0119,20231019,P015,C0122,S05,10,39.43,0
SO0120,20240426,P010,C0154,S05,9,30.02,0
SO0121,20221225,P004,C0219,S08,10,624.68,0.15
SO0122,20241210,P004,C0164,S07,7,782.97,0.2
SO0123,20240827,P027,C0124,S04,7,23.18,0
SO0124,20240806,P020,C0030,S07,3,7.31,0.2
SO0125,20230513,P027,C0131,S04,3,30.85,0.05
SO0126,20240130,P022,C0048,S04,8,91.97,0.2
SO0127,20220322,P004,C0038,S04,10,514.89,0.1
SO0128,20220201,P014,C0109,S04,6,44.86,0
SO0129,20230223,P008,C0204,S04,8,35.34,0
SO0130,20241228,P021,C0184,S05,7,111.31,0.05
SO0131,20220721,P017,C0241,S06,8,13.59,0.05
SO0132,20230330,P014,C0075,S01,7,41.74,0
SO0133,20240505,P017,C0152,S03,10,15.42,0.1
SO0134,20230519,P013,C0256,S06,7,20.11,0.1
SO0135,20241001,P017,C0236,S03,8,17.4,0.15
SO0136,20230112,P023,C0278,S01,9,38.62,0.05
SO0137,20220410,P003,C0004,S07,2,821.87,0.2
SO0138,20221106,P009,C0005,S04,4,91.36,0
SO0139,20240916,P030,C0250,S01,10,130.09,0.15
SO0140,20220204,P001,C0272,S05,7,1220.52,0
SO0141,20230103,P019,C0055,S02,7,27.48,0.2
SO0142,20230601,P010,C0182,S05,10,19.21,0.1
SO0143,20230514,P026,C0116,S05,7,35.57,0.05
SO0144,20240410,P006,C0195,S07,1,1370.59,0
SO0145,20221217,P031,C0043,S08,1,133.75,0.15
SO0146,20220715,P028,C0271,S01,6,33.43,0.1
SO0147,20230710,P015,C0024,S02,10,26.88,0.05
SO0148,20220309,P018,C0092,S06,10,37.97,0.15
SO0149,20240326,P002,C0040,S05,10,414.1,0
SO0150,20240307,P011,C0277,S06,10,50.01,0.2
SO0151,20220610,P025,C0257,S06,3,127.5,0.2
SO0152,20220605,P004,C0175,S07,4,449.84,0.2
SO0153,20240711,P021,C0252,S04,5,66.64,0.2
SO0154,20230116,P023,C0300,S07,7,50.45,0.05
SO0155,20230520,P006,C0038,S02,5,1464.03,0.2
SO0156,20240308,P018,C0163,S06,3,23.7,0.15
SO0157,20240108,P007,C0139,S02,5,1154.83,0.05
SO0158,20241115,P009,C0209,S02,7,55.53,0.05
SO0159,20231027,P002,C0198,S01,9,237.54,0
SO0160,20230513,P019,C0293,S03,2,37.39,0.15
SO0161,20230704,P025,C0253,S03,5,86.87,0
SO0162,20230906,P005,C0248,S02,5,1053.98,0.05
SO0163,20241012,P024,C0101,S08,4,25.76,0.15
SO0164,20231112,P007,C0195,S06,1,1198.05,0.05
SO0165,20230908,P029,C0165,S04,10,174.35,0
SO0166,20230820,P031,C0252,S04,7,164.05,0
SO0167,20220822,P021,C0289,S04,7,87.39,0
SO0168,20240803,P012,C0108,S08,9,96.1,0
SO0169,20240417,P019,C0256,S03,2,47.81,0.2
SO0170,20240516,P020,C0194,S02,3,4.99,0.15
SO0171,20240331,P029,C0274,S07,8,255.01,0.1
SO0172,20220624,P003,C0056,S04,6,801.2,0.15
SO0173,20240329,P023,C0170,S07,10,38.52,0
SO0174,20241111,P007,C0266,S04,5,1075.24,0
SO0175,20241021,P029,C0078,S06,8,179.2,0.2
SO0176,20220625,P002,C0060,S03,5,317.15,0.05
SO0177,20230228,P023,C0267,S08,8,43.01,0.2
SO0178,20240715,P023,C0164,S02,8,48.08,0.15
SO0179,20231204,P020,C0056,S03,2,4.25,0
SO0180,20231109,P016,C0287,S07,9,28.77,0
SO0181,20230113,P030,C0096,S07,7,117.47,0.15
SO0182,20240709,P026,C0220,S07,10,34.04,0
SO0183,20220509,P001,C0296,S02,4,1350.86,0
SO0184,20220822,P012,C0135,S08,4,78.9,0.05
SO0185,20220822,P021,C0179,S06,10,100.62,0.05
SO0186,20220623,P030,C0069,S06,5,151.9,0.1
SO0187,20240204,P008,C0073,S07,2,25.52,0
SO0188,20240516,P027,C0096,S08,10,31.59,0.05
SO0189,20221015,P012,C0096,S06,8,89.19,0
SO0190,20240919,P029,C0070,S04,6,209.36,0
SO0191,20241010,P025,C0210,S08,9,141.94,0.15
SO0192,20221209,P027,C0043,S01,8,33.72,0.05
SO0193,20230815,P015,C0087,S08,5,28.55,0
SO0194,20220822,P032,C0138,S06,2,174.25,0.1
SO0195,20230324,P003,C0218,S02,8,788.07,0.1
SO0196,20230623,P016,C0179,S02,1,24.84,0.05
SO0197,20230501,P029,C0108,S06,2,239.59,0.2
SO0198,20230228,P028,C0106,S01,3,24.17,0.2
SO0199,20221211,P023,C0166,S05,10,49.81,0.1
SO0200,20220715,P019,C0070,S07,9,41.36,0.15
SO0201,20220929,P004,C0128,S03,3,790.66,0.15
SO0202,20221019,P021,C0296,S05,7,114.48,0.05
SO0203,20220710,P027,C0207,S05,2,27.43,0.15
SO0204,20220106,P024,C0048,S08,8,29.68,0
SO0205,20230323,P023,C0220,S04,9,59.6,0.05
SO0206,20220925,P032,C0290,S08,5,144.25,0
SO0207,20220723,P022,C0236,S01,1,105.12,0
SO0208,20240723,P008,C0001,S07,3,38.86,0.05
SO0209,20230911,P013,C0082,S05,3,29.59,0.15
SO0210,20240201,P006,C0085,S01,5,1371.26,0
SO0211,20220706,P026,C0049,S01,4,52.29,0.05
SO0212,20230409,P014,C0266,S08,3,44.78,0.1
SO0213,20220904,P001,C0217,S03,6,824.53,0.2
SO0214,20220729,P031,C0053,S06,7,135.48,0
SO0215,20220930,P024,C0074,S02,3,37.9,0.05
SO0216,20231221,P001,C0110,S03,3,1279.53,0.05
SO0217,20230321,P027,C0045,S02,8,31.96,0.2
SO0218,20240226,P009,C0180,S07,10,87.08,0.15
SO0219,20220622,P021,C0128,S05,4,112.24,0
SO0220,20241126,P002,C0261,S04,5,391.1,0
SO0221,20230506,P026,C0254,S07,1,42.19,0.2
SO0222,20241217,P008,C0007,S06,10,25.57,0
SO0223,20240119,P021,C0280,S03,10,72.77,0.05
SO0224,20220519,P031,C0008,S05,2,239.2,0
SO0225,20240326,P014,C0260,S05,1,32.24,0.2
SO0226,20221109,P027,C0143,S02,7,28.34,0
SO0227,20221115,P020,C0275,S06,4,4.38,0.2
SO0228,20240614,P026,C0123,S01,2,51.09,0
SO0229,20240717,P016,C0029,S05,7,21.04,0
SO0230,20220124,P012,C0084,S08,3,65.48,0.15
SO0231,20240201,P023,C0065,S05,5,49.52,0
SO0232,20240529,P008,C0140,S02,1,35.81,0
SO0233,20220607,P017,C0255,S08,10,16.92,0.15
SO0234,20240124,P024,C0081,S05,10,21.97,0
SO0235,20241108,P007,C0002,S01,2,1943.9,0
SO0236,20240224,P001,C0077,S03,8,1003.2,0
SO0237,20231022,P003,C0128,S07,7,699.51,0
SO0238,20240203,P021,C0062,S01,2,81.11,0.1
SO0239,20240401,P012,C0036,S08,9,71.13,0
SO0240,20220626,P019,C0284,S08,5,46.37,0
SO0241,20230915,P001,C0125,S08,5,1097.15,0.1
SO0242,20230205,P024,C0280,S04,8,32.32,0.2
SO0243,20230423,P010,C0278,S06,7,15.81,0
SO0244,20240210,P001,C0158,S02,1,1536.9,0.2
SO0245,20241004,P014,C0031,S03,4,46.3,0.05
SO0246,20241130,P018,C0212,S06,4,22.53,0.2
SO0247,20220715,P030,C0259,S03,2,183.8,0.1
SO0248,20240609,P026,C0067,S04,10,35.44,0
SO0249,20240315,P019,C0168,S06,6,33.57,0.2
SO0250,20221006,P029,C0300,S02,2,166.64,0
SO0251,20231006,P010,C0209,S02,8,17.25,0.05
SO0252,20230924,P023,C0238,S05,4,63.13,0.05
SO0253,20220324,P008,C0111,S06,5,22.66,0.2
SO0254,20240322,P010,C0263,S01,4,17.04,0
SO0255,20240408,P020,C0232,S04,3,5.06,0
SO0256,20220125,P007,C0032,S04,3,1519.04,0
SO0257,20220622,P009,C0299,S05,7,60.79,0
SO0258,20240627,P005,C0066,S02,2,931.43,0
SO0259,20221211,P022,C0294,S07,8,64.1,0
SO0260,20240523,P026,C0089,S06,7,48.33,0.15
SO0261,20240702,P014,C0077,S01,5,57.17,0
SO0262,20240908,P016,C0032,S02,8,31.13,0.05
SO0263,20241212,P018,C0128,S01,7,28.08,0
SO0264,20240919,P025,C0177,S06,6,129.33,0.05
SO0265,20230325,P025,C0016,S05,1,93.86,0
SO0266,20240103,P004,C0300,S04,8,720.64,0.1
SO0267,20241228,P011,C0029,S04,4,35.93,0
SO0268,20230430,P025,C0163,S06,3,99.71,0
SO0269,20221019,P002,C0289,S04,6,361.85,0.1
SO0270,20220319,P032,C0047,S01,3,173.44,0.05
SO0271,20240905,P015,C0001,S06,1,34.98,0.1
SO0272,20221230,P013,C0166,S01,6,26.9,0.15
SO0273,20220816,P002,C0270,S06,3,249.3,0.2
SO0274,20220726,P005,C0173,S05,7,1227.92,0.1
SO0275,20240613,P021,C0250,S06,3,73.04,0.15
SO0276,20240101,P012,C0115,S03,9,97.48,0.15
SO0277,20221230,P025,C0001,S07,5,96.39,0
SO0278,20230329,P003,C0290,S02,6,541.0,0.2
SO0279,20231212,P032,C0164,S03,2,130.6,0
SO0280,20220124,P006,C0136,S04,6,1503.09,0.05
SO0281,20220810,P016,C0001,S01,6,31.96,0
SO0282,20240427,P025,C0253,S07,7,105.5,0
SO0283,20240908,P023,C0296,S04,2,50.23,0.2
SO0284,20220211,P011,C0164,S05,1,46.59,0
SO0285,20221126,P007,C0039,S02,3,1137.8,0.05
SO0286,20220305,P022,C0221,S03,10,89.17,0.05
SO0287,20230225,P028,C0098,S07,2,24.0,0
SO0288,20220716,P017,C0026,S07,5,16.43,0
SO0289,20240525,P032,C0045,S05,6,131.98,0
SO0290,20221216,P031,C0150,S02,1,150.6,0
SO0291,20240325,P031,C0242,S08,5,226.21,0.2
SO0292,20230114,P017,C0190,S07,9,11.06,0.05
SO0293,20240619,P024,C0239,S05,1,24.5,0
SO0294,20221106,P015,C0050,S02,10,39.87,0
SO0295,20230411,P023,C0284,S01,7,58.31,0.2
SO0296,20240830,P025,C0294,S04,7,131.86,0.1
SO0297,20220313,P031,C0258,S03,7,162.25,0.2
SO0298,20221209,P008,C0109,S04,8,39.25,0
SO0299,20240610,P009,C0104,S03,2,53.41,0.15
SO0300,20240305,P017,C0285,S07,2,13.22,0
SO0301,20220126,P021,C0268,S07,9,116.16,0.05
SO0302,20220725,P008,C0055,S02,3,28.92,0.1
SO0303,20230625,P019,C0197,S08,6,48.72,0.05
SO0304,20221022,P031,C0206,S01,5,131.56,0.05
SO0305,20230502,P026,C0026,S08,6,60.37,0.15
SO0306,20230913,P018,C0160,S05,1,37.93,0
SO0307,20230412,P032,C0069,S05,2,207.17,0.2
SO0308,20240503,P029,C0046,S04,6,228.37,0
SO0309,20240919,P029,C0265,S06,7,159.19,0.15
SO0310,20230930,P004,C0260,S07,3,608.9,0
SO0311,20220301,P009,C0089,S04,9,88.41,0.1
SO0312,20240723,P013,C0026,S06,4,27.33,0
SO0313,20240323,P013,C0064,S01,8,19.32,0.1
SO0314,20221230,P016,C0243,S06,10,26.19,0.05
SO0315,20220705,P023,C0146,S01,5,38.44,0.15
SO0316,20230315,P025,C0114,S04,10,78.56,0.2
SO0317,20220211,P014,C0005,S08,7,38.82,0.1
SO0318,20220118,P009,C0115,S05,10,82.1,0.2
SO0319,20240211,P020,C0179,S08,5,6.77,0.05
SO0320,20241202,P017,C0204,S02,5,12.26,0.15
SO0321,20230802,P001,C0153,S02,6,1204.88,0.1
SO0322,20231028,P031,C0142,S05,5,134.66,0.15
SO0323,20230508,P020,C0030,S07,9,4.79,0.2
SO0324,20241015,P021,C0152,S05,1,105.63,0.15
SO0325,20230124,P027,C0176,S04,1,27.98,0.1
SO0326,20230907,P031,C0088,S03,6,233.58,0.1
SO0327,20230614,P019,C0287,S03,3,29.49,0.15
SO0328,20230403,P022,C0158,S07,4,92.38,0
SO0329,20240807,P022,C0061,S08,10,77.35,0
SO0330,20220526,P004,C0242,S04,10,742.64,0.1
SO0331,20230904,P008,C0212,S01,7,37.67,0.1
SO0332,20240418,P010,C0292,S08,4,17.71,0
SO0333,20220615,P010,C0250,S06,3,20.31,0.2
SO0334,20240714,P012,C0141,S04,1,76.04,0
SO0335,20220630,P011,C0067,S07,3,50.39,0.05
SO0336,20220110,P028,C0020,S04,8,28.76,0.05
SO0337,20241223,P024,C0098,S01,6,39.24,0.2
SO0338,20231207,P001,C0160,S03,4,1291.89,0
SO0339,20221209,P007,C0034,S01,10,1441.88,0
SO0340,20241201,P020,C0269,S06,8,7.66,0.15
SO0341,20240930,P028,C0184,S04,3,38.13,0
SO0342,20230413,P011,C0115,S03,7,61.67,0
SO0343,20221213,P014,C0064,S06,10,52.17,0.1
SO0344,20241231,P003,C0025,S01,5,623.55,0.2
SO0345,20220826,P007,C0214,S08,1,1707.3,0
SO0346,20221110,P025,C0106,S01,5,83.68,0.05
SO0347,20241201,P020,C0139,S03,2,5.67,0.15
SO0348,20220830,P027,C0145,S02,2,35.99,0.1
SO0349,20230623,P007,C0268,S04,10,1554.12,0
SO0350,20220322,P023,C0281,S08,5,55.08,0
SO0351,20230426,P014,C0002,S01,8,50.85,0
SO0352,20241008,P006,C0077,S02,10,1570.33,0.15
SO0353,20230419,P005,C0234,S05,2,1522.89,0
SO0354,20221224,P017,C0021,S05,2,14.58,0.2
SO0355,20220826,P024,C0049,S01,6,36.37,0.05
SO0356,20240103,P001,C0225,S05,3,1462.11,0
SO0357,20220822,P006,C0206,S07,6,1148.78,0
SO0358,20240906,P030,C0216,S03,7,121.04,0.15
SO0359,20221123,P008,C0054,S07,1,23.48,0.2
SO0360,20240217,P031,C0184,S01,8,221.34,0
SO0361,20240422,P009,C0226,S01,8,74.3,0
SO0362,20241210,P005,C0296,S04,6,1133.55,0
SO0363,20240605,P022,C0128,S08,10,85.19,0
SO0364,20220422,P023,C0006,S03,7,53.86,0
SO0365,20241003,P031,C0165,S04,3,227.16,0
SO0366,20230402,P022,C0282,S07,1,109.16,0.1
SO0367,20240628,P026,C0294,S08,2,58.15,0.05
SO0368,20220901,P006,C0255,S01,8,1530.65,0
SO0369,20220101,P007,C0047,S05,1,1461.43,0.1
SO0370,20240115,P014,C0028,S04,8,49.89,0
SO0371,20240826,P030,C0187,S08,10,126.41,0.1
SO0372,20231201,P008,C0182,S05,4,22.8,0
SO0373,20241005,P024,C0072,S07,1,34.45,0
SO0374,20220905,P007,C0202,S04,4,1314.82,0
SO0375,20231124,P030,C0056,S07,4,170.4,0.15
SO0376,20240711,P003,C0235,S03,10,859.31,0
SO0377,20240605,P032,C0300,S08,1,116.06,0.1
SO0378,20220920,P012,C0054,S07,3,96.65,0.15
SO0379,20230524,P021,C0141,S07,7,95.06,0.05
SO0380,20221001,P022,C0071,S07,8,109.18,0.2
SO0381,20231005,P020,C0284,S04,9,7.26,0.2
SO0382,20231209,P013,C0068,S03,5,18.4,0.15
SO0383,20240910,P021,C0299,S07,6,107.41,0.1
SO0384,20220127,P019,C0268,S02,7,48.97,0.2
SO0385,20220426,P002,C0103,S05,1,296.52,0.15
SO0386,20220508,P011,C0152,S04,5,62.75,0
SO0387,20230405,P003,C0288,S07,8,616.5,0
SO0388,20220407,P016,C0196,S07,5,28.68,0.15
SO0389,20220421,P027,C0007,S05,6,38.36,0.1
SO0390,20230407,P013,C0189,S04,8,24.25,0.2
SO0391,20220602,P013,C0096,S03,3,19.6,0.15
SO0392,20230626,P008,C0067,S03,7,28.2,0
SO0393,20221114,P017,C0021,S03,8,10.26,0.15
SO0394,20230909,P021,C0252,S06,10,100.61,0.2
SO0395,20230327,P005,C0095,S02,6,1573.85,0.1
SO0396,20220708,P011,C0179,S04,9,45.52,0.05
SO0397,20230825,P014,C0112,S08,6,50.14,0
SO0398,20230508,P001,C0125,S01,6,905.11,0.05
SO0399,20230610,P021,C0277,S05,2,87.71,0.05
SO0400,20241107,P002,C0229,S08,6,403.94,0.1
SO0401,20241118,P003,C0043,S02,4,589.88,0
SO0402,20220116,P011,C0034,S04,9,62.39,0.1
SO0403,20220801,P014,C0106,S07,7,55.92,0.2
SO0404,20240729,P005,C0170,S01,3,1542.55,0
SO0405,20230531,P006,C0286,S02,3,912.57,0.2
SO0406,20240712,P015,C0208,S07,7,41.4,0.05
SO0407,20220113,P021,C0033,S01,2,65.88,0.1
SO0408,20230817,P005,C0155,S02,9,1214.53,0
SO0409,20240320,P019,C0016,S08,8,46.16,0.05
SO0410,20240311,P011,C0280,S05,3,49.09,0.15
SO0411,20221017,P010,C0064,S01,6,20.04,0
SO0412,20220624,P001,C0157,S04,7,1251.12,0.1
SO0413,20221126,P023,C0095,S04,9,39.92,0
SO0414,20220422,P017,C0282,S08,3,12.04,0.15
SO0415,20220721,P005,C0102,S08,2,1158.02,0
SO0416,20230807,P022,C0036,S04,4,76.58,0
SO0417,20230919,P021,C0300,S03,6,93.96,0.1
SO0418,20220110,P024,C0161,S04,7,36.49,0
SO0419,20240107,P015,C0069,S06,7,37.28,0
SO0420,20230918,P031,C0250,S02,6,181.5,0.2
SO0421,20230729,P012,C0072,S04,2,94.13,0.2
SO0422,20220604,P017,C0010,S01,2,17.11,0.15
SO0423,20230618,P026,C0279,S08,4,56.69,0
SO0424,20230819,P010,C0069,S08,4,21.02,0.2
SO0425,20230505,P006,C0085,S03,9,1167.85,0
SO0426,20221027,P029,C0248,S06,10,152.77,0.1
SO0427,20220509,P003,C0136,S06,8,556.7,0
SO0428,20240110,P015,C0199,S08,4,23.38,0.1
SO0429,20231026,P030,C0053,S05,1,175.5,0.15
SO0430,20240211,P017,C0194,S06,10,15.66,0
SO0431,20241123,P005,C0208,S06,7,1348.51,0
SO0432,20220114,P023,C0257,S03,8,48.41,0.1
SO0433,20230730,P029,C0109,S03,2,153.56,0.1
SO0434,20220831,P012,C0118,S07,10,67.55,0.15
SO0435,20240907,P022,C0246,S04,8,95.88,0.15
SO0436,20230515,P011,C0023,S03,7,52.54,0
SO0437,20221028,P011,C0029,S03,9,36.98,0
SO0438,20220208,P017,C0146,S02,9,18.89,0.05
SO0439,20240913,P014,C0088,S04,8,43.99,0.2
SO0440,20230108,P027,C0262,S05,10,31.67,0.2
SO0441,20220521,P011,C0118,S07,6,54.88,0.05
SO0442,20241206,P025,C0259,S07,1,84.28,0
SO0443,20220321,P010,C0273,S02,3,24.5,0.05
SO0444,20220103,P006,C0221,S07,3,1235.28,0.1
SO0445,20230415,P024,C0247,S07,9,37.78,0.05
SO0446,20240521,P023,C0069,S05,10,51.56,0
SO0447,20240416,P031,C0132,S04,2,217.07,0
SO0448,20241206,P001,C0061,S01,1,1354.19,0.1
SO0449,20240112,P025,C0055,S03,6,120.5,0.05
SO0450,20240517,P028,C0290,S06,5,33.56,0
SO0451,20230222,P018,C0212,S08,7,39.74,0.2
SO0452,20230604,P012,C0158,S06,9,79.14,0.05
SO0453,20230416,P026,C0229,S03,2,55.66,0.15
SO0454,20231125,P007,C0282,S01,7,1275.67,0.2
SO0455,20220706,P011,C0075,S08,1,44.7,0.2
SO0456,20240130,P028,C0041,S01,5,22.66,0
SO0457,20241203,P025,C0147,S01,7,139.64,0.1
SO0458,20230218,P012,C0266,S05,8,93.84,0
SO0459,20241122,P013,C0119,S03,10,15.9,0.1
SO0460,20220627,P003,C0142,S07,1,616.95,0
SO0461,20230215,P023,C0266,S01,7,54.04,0.1
SO0462,20231214,P005,C0178,S05,9,1687.76,0
SO0463,20240407,P015,C0295,S01,4,35.08,0.05
SO0464,20220529,P017,C0258,S05,9,11.85,0
SO0465,20230528,P022,C0227,S07,9,107.93,0
SO0466,20240728,P031,C0236,S01,6,217.55,0.2
SO0467,20230328,P031,C0118,S06,2,140.81,0.05
SO0468,20220120,P027,C0135,S04,9,38.34,0.1
SO0469,20230101,P019,C0244,S06,6,29.38,0
SO0470,20230110,P023,C0098,S08,10,40.13,0
SO0471,20230628,P013,C0106,S04,4,18.76,0.2
SO0472,20221116,P013,C0055,S02,10,27.3,0
SO0473,20220114,P006,C0278,S01,8,1388.01,0.1
SO0474,20230717,P031,C0252,S03,6,170.74,0.05
SO0475,20220421,P018,C0270,S07,10,28.37,0
SO0476,20231213,P031,C0202,S03,1,237.47,0.1
SO0477,20231009,P030,C0005,S01,9,183.98,0.05
SO0478,20240111,P014,C0133,S03,2,41.99,0
SO0479,20231204,P017,C0188,S03,8,12.44,0.1
SO0480,20240202,P032,C0187,S07,7,160.83,0.15
SO0481,20230414,P018,C0052,S05,10,29.38,0
SO0482,20221026,P016,C0077,S08,7,29.48,0
SO0483,20241124,P001,C0274,S06,8,951.86,0
SO0484,20220408,P032,C0204,S02,9,147.61,0.2
SO0485,20220717,P011,C0231,S06,5,34.71,0.05
SO0486,20230612,P017,C0177,S01,9,13.61,0.1
SO0487,20221224,P027,C0146,S06,10,22.65,0
SO0488,20240704,P021,C0041,S07,8,105.18,0.2
SO0489,20221210,P019,C0173,S07,3,38.63,0.2
SO0490,20221128,P026,C0176,S04,2,59.13,0
SO0491,20230702,P021,C0203,S05,5,83.84,0.15
SO0492,20241202,P029,C0231,S07,6,229.22,0.15
SO0493,20230426,P011,C0129,S02,1,38.47,0
SO0494,20220511,P014,C0243,S01,2,35.89,0
SO0495,20220620,P002,C0054,S05,9,375.51,0.2
SO0496,20230415,P010,C0127,S05,7,16.94,0
SO0497,20221216,P029,C0015,S01,3,210.23,0.1
SO0498,20240902,P023,C0240,S05,6,59.92,0.2
SO0499,20240724,P029,C0289,S07,9,149.81,0
SO0500,20230411,P020,C0046,S08,8,7.51,0.1
SO0501,20230914,P020,C0006,S01,5,5.46,0
SO0502,20220118,P009,C0252,S08,8,67.7,0.1
SO0503,20230823,P020,C0119,S01,7,4.12,0.2
SO0504,20240319,P024,C0128,S03,9,24.54,0.05
SO0505,20220612,P025,C0217,S04,4,132.55,0
SO0506,20230705,P018,C0212,S04,9,26.2,0.2
SO0507,20240721,P005,C0232,S05,5,1066.79,0
SO0508,20220412,P032,C0274,S01,1,135.63,0
SO0509,20220914,P012,C0225,S01,5,111.92,0
SO0510,20230321,P015,C0176,S07,1,24.36,0.05
SO0511,20240807,P020,C0017,S06,8,7.04,0
SO0512,20230630,P006,C0201,S02,3,1520.35,0
SO0513,20240221,P031,C0007,S02,5,148.48,0.2
SO0514,20220310,P016,C0102,S08,8,26.41,0
SO0515,20240307,P007,C0160,S06,4,1577.13,0.05
SO0516,20241202,P011,C0063,S05,1,51.99,0.15
SO0517,20220417,P031,C0112,S02,4,202.12,0
SO0518,20221209,P016,C0142,S02,6,30.87,0
SO0519,20240831,P026,C0080,S06,1,57.3,0
SO0520,20231125,P006,C0031,S01,8,1051.02,0
SO0521,20220808,P023,C0065,S08,9,53.27,0.2
SO0522,20231213,P015,C0225,S04,9,29.07,0.2
SO0523,20221003,P002,C0129,S01,6,358.97,0.15
SO0524,20240930,P032,C0098,S03,9,191.0,0
SO0525,20221125,P023,C0036,S03,8,43.38,0
SO0526,20240122,P029,C0233,S01,5,169.55,0.1
SO0527,20240116,P025,C0123,S06,1,125.98,0.1
SO0528,20240304,P005,C0098,S08,9,1467.87,0.2
SO0529,20231022,P010,C0057,S02,6,24.61,0.05
SO0530,20220306,P005,C0104,S02,3,949.95,0
SO0531,20240306,P032,C0251,S05,1,136.04,0.1
SO0532,20220526,P004,C0007,S04,10,552.17,0.15
SO0533,20220505,P032,C0185,S07,2,214.66,0.05
SO0534,20230629,P024,C0271,S01,1,36.23,0.2
SO0535,20241129,P005,C0050,S02,2,1616.35,0
SO0536,20241213,P015,C0128,S03,4,33.53,0
SO0537,20240728,P027,C0219,S02,10,34.4,0
SO0538,20241030,P011,C0173,S03,9,56.95,0.05
SO0539,20231027,P029,C0191,S07,6,247.98,0.1
SO0540,20230508,P028,C0289,S04,6,36.94,0.1
SO0541,20240715,P025,C0230,S07,5,128.21,0
SO0542,20220203,P001,C0266,S03,5,1367.16,0.1
SO0543,20231007,P020,C0012,S05,4,4.11,0
SO0544,20221116,P010,C0071,S05,8,17.08,0
SO0545,20230609,P024,C0154,S02,4,38.07,0
SO0546,20220608,P026,C0167,S08,4,50.56,0.15
SO0547,20220715,P012,C0154,S01,10,85.56,0.2
SO0548,20231116,P025,C0179,S07,1,80.56,0.2
SO0549,20230410,P027,C0006,S07,2,37.86,0.2
SO0550,20221103,P004,C0168,S04,1,528.72,0
SO0551,20241030,P010,C0047,S04,7,16.45,0.05
SO0552,20220928,P028,C0173,S02,7,26.56,0
SO0553,20240328,P031,C0135,S02,1,194.24,0.1
SO0554,20221004,P026,C0247,S04,3,48.51,0.2
SO0555,20241209,P032,C0127,S04,10,157.78,0
SO0556,20220703,P005,C0058,S07,7,1137.46,0
SO0557,20231207,P028,C0013,S05,4,28.02,0
SO0558,20240624,P011,C0075,S08,10,62.88,0.2
SO0559,20240205,P003,C0080,S02,4,858.27,0
SO0560,20221030,P008,C0148,S01,4,35.2,0.1
SO0561,20240710,P022,C0242,S01,2,94.47,0
SO0562,20230222,P022,C0280,S05,9,68.7,0
SO0563,20220207,P031,C0193,S01,3,200.3,0.15
SO0564,20230710,P017,C0028,S08,5,11.81,0
SO0565,20240108,P001,C0056,S01,5,868.75,0.15
SO0566,20240219,P019,C0261,S02,7,48.71,0
SO0567,20220630,P021,C0096,S04,10,93.89,0.1
SO0568,20230522,P030,C0272,S05,1,146.84,0
SO0569,20231212,P022,C0181,S06,3,83.63,0
SO0570,20220507,P020,C0132,S07,9,4.97,0
SO0571,20221107,P002,C0175,S07,5,410.59,0
SO0572,20230411,P009,C0214,S04,7,55.55,0.1
SO0573,20231106,P010,C0230,S03,5,21.9,0.1
SO0574,20230219,P014,C0071,S05,10,49.82,0.1
SO0575,20221120,P009,C0163,S02,3,71.79,0.15
SO0576,20220302,P008,C0164,S07,3,24.47,0.15
SO0577,20230120,P027,C0055,S03,5,26.08,0
SO0578,20230701,P012,C0291,S04,10,60.41,0.1
SO0579,20220612,P015,C0245,S03,1,27.28,0
SO0580,20240304,P031,C0252,S08,6,210.75,0
SO0581,20240416,P009,C0008,S05,4,59.16,0
SO0582,20230223,P027,C0034,S03,4,24.56,0.2
SO0583,20231028,P029,C0235,S04,8,239.81,0.15
SO0584,20240219,P028,C0161,S07,1,28.79,0.1
SO0585,20220328,P003,C0126,S07,8,685.74,0.05
SO0586,20220411,P003,C0098,S05,9,701.58,0.2
SO0587,20230809,P029,C0237,S03,5,182.14,0.2
SO0588,20241124,P028,C0073,S08,1,26.65,0.15
SO0589,20230104,P029,C0300,S03,9,144.32,0
SO0590,20230102,P026,C0233,S04,8,45.8,0
SO0591,20221202,P030,C0064,S02,6,104.81,0.15
SO0592,20241208,P008,C0197,S03,6,34.55,0
SO0593,20221216,P025,C0172,S03,1,113.27,0.2
SO0594,20220416,P011,C0215,S05,3,59.27,0.2
SO0595,20230106,P020,C0061,S03,8,6.83,0
SO0596,20240728,P013,C0255,S08,5,15.47,0
SO0597,20230321,P001,C0244,S08,8,1277.76,0
SO0598,20220114,P027,C0126,S05,10,28.68,0.1
SO0599,20231216,P014,C0019,S03,3,32.5,0
SO0600,20231110,P003,C0045,S01,10,748.31,0
SO0601,20230806,P007,C0294,S03,3,1474.72,0
SO0602,20220710,P030,C0154,S06,6,163.69,0
SO0603,20240525,P024,C0282,S02,2,38.22,0.2
SO0604,20230717,P019,C0169,S07,2,38.81,0.15
SO0605,20220812,P014,C0293,S02,10,51.07,0
SO0606,20230812,P031,C0219,S06,10,212.16,0.2
SO0607,20220923,P017,C0289,S08,10,15.15,0
SO0608,20230422,P032,C0149,S04,3,168.15,0.1
SO0609,20220830,P001,C0107,S07,8,907.74,0.15
SO0610,20230311,P027,C0006,S04,6,21.23,0.1
SO0611,20230907,P019,C0260,S06,2,33.41,0
SO0612,20240322,P001,C0292,S01,6,904.44,0
SO0613,20240908,P012,C0243,S01,6,69.54,0.15
SO0614,20231118,P009,C0237,S07,8,74.23,0.2
SO0615,20231009,P004,C0285,S01,5,730.72,0.1
SO0616,20231226,P014,C0034,S03,6,47.67,0.2
SO0617,20241230,P018,C0085,S07,6,36.85,0.05
SO0618,20231007,P012,C0017,S05,5,91.39,0.15
SO0619,20240714,P027,C0155,S04,4,22.0,0
SO0620,20220318,P020,C0104,S02,6,4.74,0.2
SO0621,20221112,P029,C0098,S06,8,195.41,0.1
SO0622,20231102,P031,C0074,S02,9,213.14,0
SO0623,20240304,P009,C0268,S02,1,61.12,0.05
SO0624,20220628,P001,C0171,S08,1,1053.38,0.15
SO0625,20231002,P003,C0108,S06,5,507.23,0
SO0626,20231016,P013,C0226,S02,5,18.16,0.1
SO0627,20220201,P018,C0287,S02,5,23.61,0
SO0628,20230710,P014,C0073,S05,9,46.67,0
SO0629,20231125,P016,C0277,S08,5,22.57,0.1
SO0630,20220414,P004,C0055,S07,8,462.18,0.15
SO0631,20240702,P004,C0183,S05,7,445.44,0
SO0632,20240811,P022,C0291,S03,9,101.05,0
SO0633,20240722,P006,C0159,S08,8,1496.13,0
SO0634,20230613,P031,C0187,S07,4,154.36,0
SO0635,20231028,P012,C0233,S08,6,97.07,0.2
SO0636,20240907,P002,C0237,S03,2,232.63,0
SO0637,20220918,P019,C0261,S02,10,46.23,0.1
SO0638,20220526,P026,C0155,S08,2,58.17,0
SO0639,20230515,P026,C0281,S03,4,51.22,0.1
SO0640,20240601,P031,C0223,S06,6,172.22,0
SO0641,20240923,P016,C0059,S08,2,22.6,0.15
SO0642,20230923,P021,C0208,S02,8,98.11,0
SO0643,20240216,P007,C0168,S08,10,1738.69,0.2
SO0644,20220101,P004,C0076,S03,3,447.12,0.1
SO0645,20240704,P029,C0101,S04,7,198.52,0.1
SO0646,20231207,P021,C0046,S01,5,82.82,0.05
SO0647,20240127,P026,C0282,S01,5,59.09,0
SO0648,20230801,P001,C0016,S04,6,1349.81,0
SO0649,20231014,P028,C0196,S07,7,34.54,0.15
SO0650,20221222,P025,C0244,S03,4,105.29,0.15
SO0651,20240504,P013,C0079,S05,6,23.32,0.2
SO0652,20220202,P009,C0074,S08,2,57.76,0.15
SO0653,20221009,P028,C0213,S08,3,39.82,0
SO0654,20240518,P028,C0283,S08,8,33.01,0.1
SO0655,20220116,P025,C0296,S08,3,99.75,0.05
SO0656,20240122,P016,C0018,S01,5,32.3,0.05
SO0657,20240913,P031,C0041,S03,2,209.91,0.1
SO0658,20220701,P018,C0126,S08,2,29.65,0.1
SO0659,20231002,P005,C0028,S06,9,1489.61,0.2
SO0660,20231110,P001,C0216,S06,9,1172.66,0.05
SO0661,20230915,P019,C0289,S05,1,34.28,0.15
SO0662,20220416,P004,C0150,S01,10,652.33,0
SO0663,20220607,P019,C0143,S05,3,39.16,0.1
SO0664,20230611,P009,C0008,S02,5,80.6,0.2
SO0665,20240703,P012,C0190,S03,3,108.53,0.15
SO0666,20230106,P017,C0271,S01,4,17.58,0.05
SO0667,20221112,P022,C0254,S07,3,109.9,0.1
SO0668,20221209,P025,C0108,S06,8,91.61,0.15
SO0669,20221210,P004,C0238,S07,2,657.27,0
SO0670,20240217,P031,C0200,S08,9,162.54,0
SO0671,20230815,P017,C0230,S07,7,11.57,0
SO0672,20241224,P021,C0182,S07,1,122.46,0
SO0673,20220721,P018,C0131,S07,5,27.16,0.2
SO0674,20230204,P030,C0267,S06,4,165.81,0.15
SO0675,20220118,P012,C0035,S01,1,76.04,0.15
SO0676,20240702,P027,C0180,S04,2,22.21,0.15
SO0677,20220708,P019,C0030,S04,1,33.34,0
SO0678,20220924,P008,C0193,S03,2,34.59,0
SO0679,20240814,P008,C0039,S08,5,34.35,0
SO0680,20221128,P018,C0038,S05,6,35.48,0
SO0681,20230613,P004,C0136,S03,6,558.44,0
SO0682,20240315,P029,C0092,S08,4,141.73,0.1
SO0683,20220806,P007,C0227,S05,7,1206.29,0
SO0684,20230529,P007,C0229,S01,2,1099.14,0.1
SO0685,20240310,P032,C0137,S03,1,131.48,0
SO0686,20241121,P022,C0252,S08,10,105.68,0
SO0687,20230408,P028,C0002,S07,2,28.77,0.1
SO0688,20231114,P031,C0156,S07,9,141.39,0
SO0689,20241230,P004,C0175,S02,2,653.46,0
SO0690,20230220,P030,C0091,S01,5,164.68,0.15
SO0691,20240309,P025,C0055,S06,5,120.93,0.15
SO0692,20230124,P032,C0072,S01,8,124.65,0.15
SO0693,20240928,P013,C0200,S02,10,15.78,0
SO0694,20220317,P020,C0174,S01,8,5.96,0
SO0695,20220831,P022,C0109,S08,1,99.47,0.05
SO0696,20220317,P010,C0073,S08,4,26.47,0
SO0697,20230513,P002,C0067,S01,10,314.82,0
SO0698,20220719,P012,C0234,S03,5,93.43,0.2
SO0699,20241015,P005,C0113,S02,2,1602.31,0
SO0700,20220905,P013,C0295,S03,7,21.48,0
SO0701,20220404,P021,C0089,S06,4,114.96,0.2
SO0702,20240430,P005,C0087,S06,3,1014.82,0.2
SO0703,20221001,P011,C0052,S07,10,46.21,0
SO0704,20220114,P011,C0004,S03,8,33.36,0
SO0705,20240502,P006,C0244,S03,10,1412.41,0
SO0706,20240711,P014,C0211,S04,5,35.2,0.1
SO0707,20230104,P012,C0256,S02,1,92.22,0.1
SO0708,20230428,P020,C0099,S02,1,5.39,0.1
SO0709,20230326,P007,C0238,S04,9,1673.24,0.1
SO0710,20221102,P018,C0243,S08,2,21.76,0.2
SO0711,20240116,P012,C0146,S04,1,67.68,0
SO0712,20240717,P028,C0023,S02,10,25.82,0.2
SO0713,20220301,P004,C0249,S02,3,764.91,0
SO0714,20231030,P005,C0215,S04,8,1667.45,0.1
SO0715,20230412,P021,C0051,S04,2,78.65,0
SO0716,20220531,P027,C0242,S08,7,36.73,0
SO0717,20240720,P004,C0092,S07,3,751.81,0
SO0718,20240105,P024,C0139,S04,4,23.54,0.15
SO0719,20230729,P022,C0070,S02,10,64.35,0
SO0720,20231205,P030,C0113,S05,3,137.72,0.2
SO0721,20230416,P011,C0045,S07,10,56.86,0
SO0722,20240827,P032,C0237,S05,4,207.6,0.1
SO0723,20231102,P001,C0223,S04,4,1369.96,0
SO0724,20220401,P010,C0021,S08,1,28.97,0.05
SO0725,20220720,P003,C0232,S08,7,645.15,0.05
SO0726,20240412,P016,C0112,S03,1,20.98,0.15
SO0727,20240909,P023,C0157,S03,2,42.52,0
SO0728,20240720,P030,C0238,S03,10,173.39,0
SO0729,20240808,P026,C0001,S02,6,38.81,0.15
SO0730,20220308,P025,C0152,S07,6,137.06,0.1
SO0731,20230301,P018,C0042,S06,10,34.12,0.1
SO0732,20220816,P004,C0197,S06,6,608.69,0
SO0733,20221225,P030,C0287,S02,6,152.06,0
SO0734,20220821,P014,C0245,S04,6,35.07,0
SO0735,20240516,P015,C0142,S01,5,29.14,0.1
SO0736,20241023,P005,C0270,S02,8,1227.27,0.05
SO0737,20240714,P031,C0189,S02,9,210.49,0
SO0738,20220614,P013,C0201,S03,8,28.11,0
SO0739,20221204,P019,C0142,S02,2,50.98,0
SO0740,20220216,P010,C0151,S07,4,22.92,0.1
SO0741,20220213,P009,C0150,S04,7,73.87,0.05
SO0742,20241130,P005,C0172,S07,4,931.63,0.2
SO0743,20241221,P022,C0281,S08,6,92.45,0.05
SO0744,20230920,P030,C0088,S05,3,123.92,0.2
SO0745,20220407,P015,C0076,S06,5,32.54,0.2
SO0746,20221126,P019,C0275,S05,3,38.44,0.1
SO0747,20230503,P012,C0060,S01,3,111.97,0
SO0748,20240128,P021,C0095,S04,8,99.27,0
SO0749,20240203,P003,C0230,S03,6,747.69,0
SO0750,20241019,P020,C0075,S08,1,4.54,0.05
SO0751,20231110,P021,C0152,S08,9,74.21,0.1
SO0752,20221029,P019,C0290,S08,10,51.27,0.15
SO0753,20221013,P022,C0283,S02,8,94.23,0
SO0754,20230328,P020,C0229,S06,10,4.18,0.2
SO0755,20230204,P006,C0299,S04,10,1112.29,0.15
SO0756,20240701,P018,C0045,S07,2,24.5,0.1
SO0757,20241113,P013,C0029,S06,10,22.4,0.1
SO0758,20240301,P026,C0191,S01,7,37.68,0
SO0759,20220629,P019,C0111,S08,5,35.67,0.05
SO0760,20240518,P027,C0213,S03,5,35.48,0
SO0761,20241211,P006,C0172,S02,5,968.11,0.05
SO0762,20230714,P025,C0213,S03,7,81.25,0.15
SO0763,20230116,P030,C0196,S05,3,160.2,0
SO0764,20230915,P032,C0253,S08,5,120.1,0.2
SO0765,20230622,P015,C0154,S08,1,23.05,0
SO0766,20230103,P008,C0252,S04,5,33.54,0.05
SO0767,20220517,P002,C0186,S08,5,243.56,0.05
SO0768,20220902,P028,C0192,S01,8,37.75,0.15
SO0769,20231017,P017,C0237,S03,1,11.74,0
SO0770,20240509,P023,C0183,S01,5,38.43,0
SO0771,20230201,P019,C0094,S02,2,34.34,0.1
SO0772,20230909,P011,C0139,S06,6,49.4,0.2
SO0773,20221022,P007,C0007,S03,6,1590.18,0.2
SO0774,20231128,P019,C0084,S02,8,36.37,0.05
SO0775,20230121,P014,C0287,S02,4,35.53,0.2
SO0776,20220926,P027,C0009,S08,2,29.03,0
SO0777,20240624,P023,C0268,S06,6,43.0,0
SO0778,20220831,P012,C0114,S03,1,97.63,0.15
SO0779,20230306,P010,C0067,S02,5,25.7,0
SO0780,20220208,P028,C0248,S07,2,34.32,0
SO0781,20241117,P003,C0031,S08,1,547.1,0.2
SO0782,20230910,P008,C0006,S02,1,38.46,0
SO0783,20230214,P008,C0095,S06,4,38.68,0.1
SO0784,20231214,P002,C0181,S03,5,237.77,0.1
SO0785,20220129,P016,C0271,S04,2,28.57,0
SO0786,20220109,P013,C0051,S04,3,29.14,0.2
SO0787,20240619,P031,C0055,S03,10,170.18,0
SO0788,20241119,P023,C0117,S07,7,63.65,0
SO0789,20240812,P008,C0057,S03,6,35.62,0
SO0790,20220325,P032,C0043,S06,5,196.93,0.1
SO0791,20231001,P032,C0228,S04,5,127.94,0.05
SO0792,20220523,P027,C0244,S06,7,25.84,0
SO0793,20220804,P012,C0203,S08,8,59.68,0.15
SO0794,20220728,P006,C0087,S02,7,948.84,0.05
SO0795,20240407,P024,C0063,S04,6,39.72,0
SO0796,20230714,P028,C0205,S06,5,34.98,0.2
SO0797,20241113,P031,C0143,S03,7,205.42,0.05
SO0798,20241015,P030,C0119,S03,5,106.41,0.05
SO0799,20220520,P002,C0256,S01,1,239.56,0.2
SO0800,20230913,P012,C0050,S02,6,79.81,0
SO0801,20241016,P032,C0252,S05,4,200.18,0
SO0802,20220206,P022,C0017,S07,9,100.62,0.1
SO0803,20240210,P008,C0227,S08,6,28.32,0.2
SO0804,20230913,P003,C0085,S08,9,477.2,0.15
SO0805,20220813,P028,C0292,S08,7,23.56,0.05
SO0806,20220425,P031,C0201,S05,3,183.03,0.1
SO0807,20231224,P032,C0146,S06,7,178.66,0.1
SO0808,20240121,P004,C0179,S01,1,423.35,0
SO0809,20240102,P022,C0211,S06,7,77.82,0
SO0810,20231002,P004,C0044,S02,4,664.49,0
SO0811,20231030,P020,C0020,S08,3,4.51,0
SO0812,20220211,P028,C0241,S01,7,31.94,0
SO0813,20220720,P021,C0251,S02,7,87.49,0
SO0814,20231127,P014,C0086,S05,9,40.74,0.2
SO0815,20220604,P024,C0275,S04,4,39.61,0.05
SO0816,20240403,P019,C0116,S02,5,33.67,0.1
SO0817,20241223,P007,C0244,S07,5,1646.65,0
SO0818,20230911,P014,C0259,S05,2,41.07,0.15
SO0819,20240428,P028,C0206,S05,6,33.79,0
SO0820,20220208,P030,C0265,S03,9,156.74,0
SO0821,20241227,P032,C0223,S01,8,138.32,0
SO0822,20221105,P013,C0154,S07,3,20.6,0
SO0823,20230221,P027,C0212,S05,2,26.36,0.15
SO0824,20230429,P019,C0208,S04,5,43.19,0.15
SO0825,20230928,P008,C0238,S08,1,23.81,0
SO0826,20221123,P028,C0140,S03,1,29.12,0
SO0827,20221227,P002,C0022,S08,5,271.72,0.15
SO0828,20230903,P002,C0033,S07,2,230.59,0
SO0829,20221015,P024,C0121,S02,2,33.86,0.05
SO0830,20241211,P008,C0129,S08,10,30.99,0.2
SO0831,20231004,P006,C0169,S07,2,1042.62,0.2
SO0832,20220807,P016,C0090,S04,4,36.31,0
SO0833,20220425,P018,C0252,S06,5,29.16,0.2
SO0834,20230520,P008,C0143,S03,7,27.03,0.05
SO0835,20230924,P024,C0011,S01,6,30.07,0.2
SO0836,20240227,P004,C0159,S06,4,675.71,0
SO0837,20240625,P008,C0199,S01,4,31.25,0.2
SO0838,20220704,P026,C0121,S05,5,61.53,0
SO0839,20231012,P014,C0209,S01,3,55.76,0.05
SO0840,20240425,P018,C0171,S07,8,37.34,0.05
SO0841,20220516,P007,C0181,S07,5,1875.22,0.1
SO0842,20220417,P021,C0095,S08,1,92.01,0.2
SO0843,20230918,P009,C0161,S02,4,51.53,0.15
SO0844,20220924,P008,C0211,S06,9,23.96,0.15
SO0845,20221222,P029,C0168,S05,3,192.01,0
SO0846,20240316,P013,C0194,S04,6,16.62,0
SO0847,20230414,P002,C0046,S08,9,411.39,0.15
SO0848,20240401,P013,C0220,S05,3,19.14,0
SO0849,20220829,P010,C0008,S07,6,17.01,0
SO0850,20230405,P030,C0105,S04,8,170.65,0
SO0851,20220924,P018,C0221,S04,8,26.26,0.05
SO0852,20230123,P014,C0215,S03,5,59.66,0.15
SO0853,20230621,P027,C0121,S08,1,35.27,0
SO0854,20220122,P016,C0241,S03,8,26.14,0
SO0855,20230311,P021,C0197,S07,7,123.22,0.15
SO0856,20220417,P017,C0171,S04,9,10.89,0
SO0857,20220404,P031,C0003,S05,10,233.78,0.15
SO0858,20240130,P025,C0068,S01,7,96.09,0.15
SO0859,20231126,P012,C0240,S03,9,73.15,0.05
SO0860,20221018,P006,C0134,S02,9,1105.15,0.05
SO0861,20230730,P021,C0185,S07,3,67.51,0.05
SO0862,20230625,P019,C0265,S06,5,49.6,0.1
SO0863,20241003,P028,C0078,S08,6,38.22,0.15
SO0864,20230111,P004,C0019,S08,1,484.59,0
SO0865,20220826,P017,C0254,S01,8,11.75,0.05
SO0866,20240726,P029,C0253,S02,9,177.03,0.05
SO0867,20230805,P010,C0093,S03,2,17.51,0
SO0868,20220109,P018,C0270,S03,10,31.54,0
SO0869,20241017,P027,C0049,S06,4,37.68,0.2
SO0870,20240205,P002,C0055,S06,2,276.96,0.05
SO0871,20240909,P010,C0233,S05,8,16.14,0.2
SO0872,20240716,P001,C0167,S03,1,1067.32,0.15
SO0873,20220424,P014,C0037,S07,5,55.88,0
SO0874,20240327,P006,C0046,S01,3,1169.48,0
SO0875,20221112,P014,C0062,S05,7,35.77,0
SO0876,20220926,P032,C0184,S02,5,201.08,0.15
SO0877,20240305,P024,C0244,S05,8,30.8,0.05
SO0878,20240125,P028,C0096,S07,7,22.7,0.2
SO0879,20240807,P028,C0115,S03,9,22.75,0
SO0880,20230819,P032,C0240,S07,9,171.86,0
SO0881,20221101,P006,C0066,S05,8,1570.58,0
SO0882,20220408,P016,C0283,S02,5,28.9,0.1
SO0883,20240425,P003,C0049,S08,9,682.65,0.05
SO0884,20241028,P017,C0009,S02,10,13.55,0
SO0885,20240315,P030,C0024,S02,3,112.8,0.2
SO0886,20240720,P027,C0231,S05,5,36.86,0
SO0887,20230115,P022,C0041,S05,3,108.98,0
SO0888,20240319,P007,C0060,S01,1,1491.27,0
SO0889,20240409,P011,C0250,S05,8,52.8,0.15
SO0890,20230912,P024,C0045,S03,7,34.23,0.2
SO0891,20220202,P009,C0097,S01,2,52.05,0.2
SO0892,20230511,P014,C0224,S04,3,44.91,0.15
SO0893,20240828,P006,C0217,S01,8,1092.21,0
SO0894,20240630,P008,C0249,S08,3,24.12,0.15
SO0895,20230217,P002,C0151,S07,10,393.51,0
SO0896,20240603,P004,C0213,S08,2,539.79,0.15
SO0897,20241117,P019,C0250,S04,7,27.98,0.05
SO0898,20231009,P004,C0284,S02,7,613.86,0.1
SO0899,20220828,P018,C0254,S06,7,37.85,0.05
SO0900,20230813,P029,C0099,S08,1,218.96,0
SO0901,20231126,P023,C0240,S03,9,46.9,0
SO0902,20240108,P019,C0242,S03,7,45.11,0.05
SO0903,20240915,P014,C0067,S03,2,39.2,0.15
SO0904,20240501,P013,C0253,S05,8,17.64,0
SO0905,20240105,P016,C0134,S06,1,23.25,0
SO0906,20220511,P011,C0173,S07,9,38.19,0
SO0907,20230404,P008,C0250,S05,2,32.84,0.1
SO0908,20230702,P022,C0078,S02,1,99.31,0.2
SO0909,20240725,P004,C0057,S02,8,765.58,0.2
SO0910,20220804,P007,C0086,S02,1,1874.44,0.1
SO0911,20230822,P014,C0227,S08,3,57.24,0.15
SO0912,20221010,P007,C0063,S04,6,1216.53,0
SO0913,20240828,P029,C0175,S05,1,252.42,0
SO0914,20240429,P011,C0185,S04,6,35.48,0.15
SO0915,20230413,P010,C0071,S07,9,26.64,0.05
SO0916,20241123,P027,C0186,S01,8,37.63,0.2
SO0917,20241125,P029,C0036,S02,1,151.1,0.15
SO0918,20220506,P022,C0202,S01,3,74.33,0.05
SO0919,20241130,P010,C0152,S07,1,28.81,0.15
SO0920,20230916,P026,C0161,S06,9,60.25,0.2
SO0921,20221028,P001,C0207,S08,9,1443.23,0.1
SO0922,20240624,P014,C0177,S07,10,56.57,0.2
SO0923,20231117,P013,C0200,S03,2,27.96,0
SO0924,20231002,P019,C0267,S06,9,32.39,0.1
SO0925,20230614,P011,C0124,S05,9,33.6,0.1
SO0926,20220503,P028,C0191,S05,2,40.05,0.15
SO0927,20230903,P023,C0294,S01,2,37.21,0.05
SO0928,20241228,P030,C0120,S06,4,127.04,0.2
SO0929,20221014,P020,C0194,S04,10,5.15,0.15
SO0930,20240110,P007,C0233,S02,10,1387.13,0
SO0931,20220708,P010,C0032,S07,7,26.04,0
SO0932,20240127,P009,C0270,S07,8,73.98,0
SO0933,20240517,P026,C0226,S08,10,59.83,0.05
SO0934,20220918,P027,C0249,S08,3,35.86,0.1
SO0935,20241219,P009,C0061,S04,9,97.31,0.2
SO0936,20240127,P030,C0061,S07,3,139.04,0.1
SO0937,20220324,P008,C0268,S03,10,23.25,0
SO0938,20230826,P008,C0249,S01,6,28.09,0
SO0939,20220410,P010,C0157,S05,10,17.78,0.05
SO0940,20220908,P014,C0281,S06,8,36.35,0
SO0941,20230927,P005,C0290,S08,7,1646.67,0.05
SO0942,20220929,P022,C0071,S08,8,99.13,0.2
SO0943,20231029,P029,C0046,S07,3,215.23,0.2
SO0944,20220404,P025,C0227,S05,7,91.26,0
SO0945,20230925,P006,C0288,S02,1,1538.03,0.1
SO0946,20220419,P006,C0292,S04,10,1006.61,0.1
SO0947,20241225,P031,C0093,S01,1,186.17,0
SO0948,20240628,P018,C0044,S06,4,35.82,0.2
SO0949,20220217,P026,C0175,S07,8,51.17,0.2
SO0950,20240222,P012,C0132,S02,9,81.57,0
SO0951,20230808,P008,C0074,S03,9,39.83,0
SO0952,20240414,P017,C0087,S01,3,17.44,0
SO0953,20240309,P021,C0051,S06,1,75.74,0
SO0954,20240209,P010,C0062,S01,6,21.71,0
SO0955,20230430,P013,C0253,S07,10,18.83,0.1
SO0956,20240413,P008,C0034,S08,6,26.12,0.05
SO0957,20230706,P002,C0284,S02,4,301.91,0
SO0958,20240413,P016,C0229,S02,3,33.21,0
SO0959,20221211,P014,C0126,S07,3,53.57,0
SO0960,20230816,P029,C0086,S01,8,138.34,0.2
SO0961,20230529,P004,C0195,S06,8,768.2,0
SO0962,20220404,P014,C0083,S02,9,47.89,0
SO0963,20221014,P020,C0285,S05,2,4.42,0.2
SO0964,20231014,P028,C0176,S05,9,25.03,0.2
SO0965,20230308,P029,C0236,S06,6,166.77,0
SO0966,20220105,P002,C0244,S01,3,404.49,0.15
SO0967,20240928,P001,C0202,S02,7,1326.66,0.1
SO0968,20220910,P005,C0181,S07,8,1367.04,0.15
SO0969,20240805,P023,C0190,S04,1,45.32,0
SO0970,20230730,P029,C0184,S04,1,134.35,0.2
SO0971,20230329,P006,C0120,S08,5,1498.84,0.2
SO0972,20230305,P024,C0004,S04,8,21.61,0.15
SO0973,20241021,P026,C0253,S03,5,36.54,0.1
SO0974,20221226,P013,C0034,S03,10,24.81,0.15
SO0975,20230412,P005,C0268,S05,10,1020.46,0.2
SO0976,20241227,P013,C0130,S08,1,27.48,0.15
SO0977,20231024,P001,C0222,S07,1,1527.0,0.2
SO0978,20241011,P018,C0186,S01,9,23.08,0.05
SO0979,20240708,P015,C0162,S01,7,23.46,0.1
SO0980,20220221,P026,C0116,S07,2,39.11,0.1
SO0981,20231106,P005,C0160,S02,4,1685.92,0
SO0982,20220219,P007,C0172,S05,7,1092.27,0.2
SO0983,20220422,P016,C0171,S04,4,21.43,0
SO0984,20220715,P005,C0229,S02,10,1566.87,0.05
SO0985,20231004,P006,C0034,S03,1,1623.7,0.05
SO0986,20230910,P004,C0222,S02,8,762.72,0
SO0987,20230827,P007,C0196,S07,9,1730.89,0
SO0988,20220122,P007,C0233,S07,7,1671.65,0
SO0989,20220727,P030,C0174,S01,10,167.78,0.1
SO0990,20220810,P030,C0053,S01,10,142.95,0
SO0991,20220916,P005,C0261,S05,4,1412.75,0.1
SO0992,20230116,P023,C0125,S03,10,46.38,0.05
SO0993,20240611,P003,C0263,S06,5,489.01,0.1
SO0994,20221026,P020,C0076,S08,9,6.28,0.2
SO0995,20220117,P020,C0266,S03,5,6.36,0
SO0996,20220422,P004,C0217,S06,9,503.05,0.2
SO0997,20220521,P013,C0175,S04,4,29.32,0.2
SO0998,20231110,P031,C0297,S06,8,208.72,0.1
SO0999,20240719,P020,C0022,S08,3,5.66,0
SO1000,20230417,P015,C0239,S04,4,41.59,0.15
